slug;marca;familia;nome;tipo;pbt;pbtc;cmt;reducao;entre_eixos;comprimento;energia;bateria;autonomia;carregamento;passageiros;configuracao;carroceria;emissoes;fonte;status
byd-bc10le;BYD;Ônibus Elétricos Urbanos;BYD BC10LE;Ônibus;19.500 kg;Não se aplica;Não publicado na ficha oficial;"Integrada ao eixo; relação não publicada";5.420;Conforme carroceria homologada;100% elétrico;Não publicado na ficha oficial;Até 250 km;Não publicado na ficha oficial;Até 78 passageiros;Padron urbano;Chassi de ônibus;Zero emissão local;https://www.byd.com/br/noticias-byd-brasil/onibus-BYD-entra-em-teste-em-BH;"Conferido em fonte oficial; valores variáveis ou não publicados foram identificados explicitamente"
byd-ebus-b12-b;BYD;Ônibus Elétricos Urbanos;BYD eBus B12.b;Ônibus;20.000 kg;Não se aplica;Não publicado na ficha oficial;"Integrada ao eixo; relação não publicada";5.950;12.130 mm;100% elétrico;Blade Battery LFP, até 500 kWh;Até 600 km;"CCS; pantógrafo opcional, até 500 kW";Até 105 passageiros;Piso baixo, entre-eixos de 5.950 mm;Chassi de ônibus;Zero emissão local;https://bydeurope.com/byd-ebus-b12;"Conferido em fonte oficial; valores variáveis ou não publicados foram identificados explicitamente"
byd-ebus-b13;BYD;Ônibus Elétricos Urbanos;BYD eBus B13;Ônibus;19.100 kg;Não se aplica;Não publicado na ficha oficial;"Integrada ao eixo; relação não publicada";Conforme homologação da carroceria;13.275 mm;100% elétrico;Bateria LFP, até 422 kWh;Até 400 km;CCS ou pantógrafo;Até 59 passageiros;Entrada baixa, entre-eixos de 7.100 mm;Chassi de ônibus;Zero emissão local;https://bydeurope.com/pdp-bus-model-13;"Conferido em fonte oficial; valores variáveis ou não publicados foram identificados explicitamente"
cf-ft-4x2-px-9;DAF;Linha CF Rodoviário;CF FT 4X2 PX-9;Caminhão;16.000 kg;53.000 kg;Não publicado na ficha oficial;3,08:1 / 3,40:1;3.600;Conforme entre-eixos e implementação;Diesel;Não se aplica;Não se aplica;Não se aplica;Não se aplica;4x2, cavalo mecânico;Cavalo mecânico;Proconve P8 / Euro 6;https://www.dafcaminhoes.com.br/-/media/files/countries/br/brochures/outubro-2024-folhetos-tecnicos/cf/cf_ft_4x2_px-9.pdf?h=400&hash=F98E233CDE2765DE8117FA10AB1CA6EF&rev=ebe2ac4d5f484a8eb21a3ac4d42a8cc8&w=1600;"Conferido em fonte oficial; valores variáveis ou não publicados foram identificados explicitamente"
cf-fts-6x2-px-9-380-cv;DAF;Linha CF Rodoviário;CF FTS 6X2 PX-9 380 cv;Caminhão;23.000 kg;56.000 kg;56.000 kg;3,08:1 / 3,40:1;3.100;Conforme entre-eixos e implementação;Diesel;Não se aplica;Não se aplica;Não se aplica;Não se aplica;6x2, cavalo mecânico;Cavalo mecânico;Proconve P8 / Euro 6;https://www.dafcaminhoes.com.br/-/media/files/countries/br/brochures/fev-2026-fichas-tecnicas/cf/cf-fts-6x2-px-9.pdf?h=4233&hash=7650BA6D123C64C9223681DB9739701E&rev=57baa8bd563d4756a18c24c8ebd2c5bf&w=3065;"Conferido em fonte oficial; valores variáveis ou não publicados foram identificados explicitamente"
cf-fas-6x2-px-9-340-cv;DAF;Linha CF Semipesado Rígido;CF FAS 6X2 PX-9 340 cv;Caminhão;23.000 kg;Não publicado (CMT 45.000 kg);45.000 kg;3,08:1 / 3,40:1;4.900 / 5.300;Conforme entre-eixos e implementação;Diesel;Não se aplica;Não se aplica;Não se aplica;Não se aplica;6x2, chassi-cabine;Chassi-cabine;Proconve P8 / Euro 6;https://www.dafcaminhoes.com.br/-/media/files/countries/br/brochures/fev-2026-fichas-tecnicas/cf/cf-fas-6x2-px-9.pdf?h=3486&hash=DEA3B14111C32E32C291E8B9085AB27C&rev=6d74ef74088f4b169bfde7354a6cbeb5&w=2610;"Conferido em fonte oficial; valores variáveis ou não publicados foram identificados explicitamente"
cf-fas-px-7-290-cv;DAF;Linha CF Semipesado Rígido;CF FAS PX-7 290 cv;Caminhão;23.000 kg;Não publicado (CMT 35.000 kg);35.000 kg;3,73:1 / 4,10:1;4.900 / 5.300;Conforme entre-eixos e implementação;Diesel;Não se aplica;Não se aplica;Não se aplica;Não se aplica;6x2, chassi-cabine;Chassi-cabine;Proconve P8 / Euro 6;https://www.dafcaminhoes.com.br/-/media/files/countries/br/brochures/november-2022/daf-cf-fas-6x2-px-7-euro-6.pdf?h=793&hash=4E3E6159349AACE44F4D79FA9C7482CE&rev=14cef35b8025494fb58c2e1474807672&w=600;"Conferido em fonte oficial; valores variáveis ou não publicados foram identificados explicitamente"
xf-ftt-6x4-530-cv;DAF;Linha XF;XF FTT 6X4 530 cv;Caminhão;23.000 kg;74.000 kg;Não publicado na ficha oficial;2,80:1 / 3,07:1 / 3,42:1;3.200;Conforme entre-eixos e implementação;Diesel;Não se aplica;Não se aplica;Não se aplica;Não se aplica;6x4, cavalo mecânico;Cavalo mecânico;Proconve P8 / Euro 6;https://www.dafcaminhoes.com.br/-/media/files/countries/br/brochures/outubro-2024-folhetos-tecnicos/xf/xf_ftt_6x4.pdf?h=3416&hash=B54A4E71117213A4535C34F3E6D9CF96&rev=9b99b993752244c28bd3562ae3b4a69b&w=2539;"Conferido em fonte oficial; valores variáveis ou não publicados foram identificados explicitamente"
daily-30-160;IVECO;Daily;Daily 30-160;Caminhão;3.500 kg;Não publicado (CMT 6.500 kg);6.500 kg;3,73:1;3.750;Conforme entre-eixos e implementação;Diesel;Não se aplica;Não se aplica;Não se aplica;Não se aplica;4x2, chassi-cabine;Chassi-cabine;Proconve P8 / Euro 6;https://www.iveco.com/brasil/Daily/Daily-Chassi-Cabine;"Conferido em fonte oficial; valores variáveis ou não publicados foram identificados explicitamente"
daily-35-160;IVECO;Daily;Daily 35-160;Caminhão;3.500 kg;Não publicado (CMT 6.500 kg);6.500 kg;3,73:1;3.520 / 3.750;Conforme entre-eixos e implementação;Diesel;Não se aplica;Não se aplica;Não se aplica;Não se aplica;4x2, chassi-cabine;Chassi-cabine;Proconve P8 / Euro 6;https://www.iveco.com/brasil/Daily/Daily-Chassi-Cabine;"Conferido em fonte oficial; valores variáveis ou não publicados foram identificados explicitamente"
iveco-daily-35-180-hi-matic;IVECO;Daily;Daily 35-180 Hi-Matic;Caminhão;3.500 kg;Não publicado na ficha oficial;Não publicado na ficha oficial;3,73:1;3.520 / 3.750;Conforme entre-eixos e implementação;Diesel;Não se aplica;Não se aplica;Não se aplica;Não se aplica;4x2, chassi-cabine;Chassi-cabine;Proconve P8 / Euro 6;https://www.iveco.com/brasil/-/media/IVECOdotcom/Brasil/ProductBrochures/Iveco_daily-chassi.pdf?rev=3dc7ab3602464fc189782e8c3c7af55f;"Conferido em fonte oficial; valores variáveis ou não publicados foram identificados explicitamente"
daily-35-180-hi-matic;IVECO;Daily;Daily 35-180 Hi-Matic;Caminhão;3.500 kg;Não publicado (CMT 6.500 kg);6.500 kg;3,73:1;3.520 / 3.750;Conforme entre-eixos e implementação;Diesel;Não se aplica;Não se aplica;Não se aplica;Não se aplica;4x2, chassi-cabine;Chassi-cabine;Proconve P8 / Euro 6;https://www.iveco.com/brasil/Daily/Daily-Chassi-Cabine;"Conferido em fonte oficial; valores variáveis ou não publicados foram identificados explicitamente"
daily-45-160;IVECO;Daily;Daily 45-160;Caminhão;4.400 kg;Não publicado (CMT 6.500 kg);6.500 kg;3,73:1;3.520 / 3.750;Conforme entre-eixos e implementação;Diesel;Não se aplica;Não se aplica;Não se aplica;Não se aplica;4x2, chassi-cabine;Chassi-cabine;Proconve P8 / Euro 6;https://www.iveco.com/brasil/Daily/Daily-Chassi-Cabine;"Conferido em fonte oficial; valores variáveis ou não publicados foram identificados explicitamente"
iveco-daily-45-180-hi-matic;IVECO;Daily;Daily 45-180 Hi-Matic;Caminhão;4.400 kg;Não publicado na ficha oficial;Não publicado na ficha oficial;3,73:1;3.520 / 3.750;Conforme entre-eixos e implementação;Diesel;Não se aplica;Não se aplica;Não se aplica;Não se aplica;4x2, chassi-cabine;Chassi-cabine;Proconve P8 / Euro 6;https://www.iveco.com/brasil/-/media/IVECOdotcom/Brasil/ProductBrochures/Iveco_daily-chassi.pdf?rev=3dc7ab3602464fc189782e8c3c7af55f;"Conferido em fonte oficial; valores variáveis ou não publicados foram identificados explicitamente"
daily-45-180-hi-matic;IVECO;Daily;Daily 45-180 Hi-Matic;Caminhão;4.400 kg;Não publicado (CMT 6.500 kg);6.500 kg;3,73:1;3.520 / 3.750;Conforme entre-eixos e implementação;Diesel;Não se aplica;Não se aplica;Não se aplica;Não se aplica;4x2, chassi-cabine;Chassi-cabine;Proconve P8 / Euro 6;https://www.iveco.com/brasil/Daily/Daily-Chassi-Cabine;"Conferido em fonte oficial; valores variáveis ou não publicados foram identificados explicitamente"
iveco-daily-55-180;IVECO;Daily;Daily 55-180;Caminhão;5.300 kg;Não publicado na ficha oficial;Não publicado na ficha oficial;4,10:1;3.520 / 3.750;Conforme entre-eixos e implementação;Diesel;Não se aplica;Não se aplica;Não se aplica;Não se aplica;4x2, chassi-cabine;Chassi-cabine;Proconve P8 / Euro 6;https://www.iveco.com/brasil/-/media/IVECOdotcom/Brasil/ProductBrochures/Iveco_daily-chassi.pdf?rev=3dc7ab3602464fc189782e8c3c7af55f;"Conferido em fonte oficial; valores variáveis ou não publicados foram identificados explicitamente"
daily-55-180;IVECO;Daily;Daily 55-180;Caminhão;5.300 kg;Não publicado (CMT 8.000 kg);8.000 kg;4,10:1;3.520 / 3.750;Conforme entre-eixos e implementação;Diesel;Não se aplica;Não se aplica;Não se aplica;Não se aplica;4x2, chassi-cabine;Chassi-cabine;Proconve P8 / Euro 6;https://www.iveco.com/brasil/Daily/Daily-Chassi-Cabine;"Conferido em fonte oficial; valores variáveis ou não publicados foram identificados explicitamente"
iveco-daily-65-180;IVECO;Daily;Daily 65-180;Caminhão;6.500 kg;Não publicado na ficha oficial;Não publicado na ficha oficial;Conforme eixo e aplicação;4.350;Conforme entre-eixos e implementação;Diesel;Não se aplica;Não se aplica;Não se aplica;Não se aplica;4x2, chassi-cabine;Chassi-cabine;Proconve P8 / Euro 6;https://www.iveco.com/brasil/-/media/IVECOdotcom/Brasil/ProductBrochures/Iveco_daily-chassi.pdf?rev=3dc7ab3602464fc189782e8c3c7af55f;"Conferido em fonte oficial; valores variáveis ou não publicados foram identificados explicitamente"
daily-65-180;IVECO;Daily;Daily 65-180;Caminhão;6.500 kg;Não publicado (CMT 8.800 kg);8.800 kg;4,63:1;4.350;7.372;Diesel;Não se aplica;Não se aplica;Não se aplica;Não se aplica;4x2, chassi-cabine;Chassi-cabine;Proconve P8 / Euro 6;https://www.iveco.com/brasil/Daily/Daily-Chassi-Cabine;"Conferido em fonte oficial; valores variáveis ou não publicados foram identificados explicitamente"
iveco-bus-10-190;IVECO;IVECO BUS;IVECO BUS 10-190;Ônibus;10.500 kg;Não se aplica;Não publicado na ficha oficial;4,56:1;4.500 / 4.800;Conforme carroceria homologada;Diesel;Não se aplica;Não se aplica;Não se aplica;Conforme carroceria homologada;4x2, motor dianteiro;Chassi de ônibus;Proconve P8 / Euro 6;https://www.iveco.com/brasil/-/media/IVECOdotcom/Brasil/ProductBrochures/Iveco_Bus.pdf?rev=4a486a07dc6b4fec8f9feb9c19ba74b1;"Conferido em fonte oficial; valores variáveis ou não publicados foram identificados explicitamente"
iveco-bus-17-280;IVECO;IVECO BUS;IVECO BUS 17-280;Ônibus;16.000 kg;Não se aplica;Não publicado na ficha oficial;5,57:1 / 5,13:1 / 6,57:1;5.950;Conforme carroceria homologada;Diesel;Não se aplica;Não se aplica;Não se aplica;Conforme carroceria homologada;4x2, motor dianteiro;Chassi de ônibus;Proconve P8 / Euro 6;https://www.iveco.com/brasil/-/media/IVECOdotcom/Brasil/ProductBrochures/Iveco_Bus.pdf?rev=4a486a07dc6b4fec8f9feb9c19ba74b1;"Conferido em fonte oficial; valores variáveis ou não publicados foram identificados explicitamente"
s-way-480-4x2;IVECO;S-Way;S-Way 480 4x2;Caminhão;16.000 kg;46.000 kg;60.000 kg;2,85:1;3.498;Conforme entre-eixos e implementação;Diesel;Não se aplica;Não se aplica;Não se aplica;Não se aplica;4x2, cavalo mecânico;Cavalo mecânico;Proconve P8 / Euro 6;https://www.iveco.com/brasil/-/media/IVECOdotcom/Brasil/ProductBrochures/S-WAY-450-4x2-20-05-2025.pdf?rev=6623281ecfb145a98900b154b7e14be0;"Conferido em fonte oficial; valores variáveis ou não publicados foram identificados explicitamente"
s-way-480-6x2;IVECO;S-Way;S-Way 480 6x2;Caminhão;23.000 kg;58.500 kg;60.000 kg;3,08:1 / 2,85:1 (opcional);3.173 / 3.451 / 3.489;Conforme entre-eixos e implementação;Diesel;Não se aplica;Não se aplica;Não se aplica;Não se aplica;6x2, cavalo mecânico;Cavalo mecânico;Proconve P8 / Euro 6;https://new.iveco.com/brasil/-/media/IVECOdotcom/Brasil/ProductBrochures/S-WAY_480_6X2-20-05-2025.pdf?rev=ed312e835a364237aac32d8610f7ca89;"Conferido em fonte oficial; valores variáveis ou não publicados foram identificados explicitamente"
s-way-540-6x4;IVECO;S-Way;S-Way 540 6x4;Caminhão;23.000 kg;74.000 kg;80.000 kg;3,07:1;3.540;Conforme entre-eixos e implementação;Diesel;Não se aplica;Não se aplica;Não se aplica;Não se aplica;6x4, cavalo mecânico;Cavalo mecânico;Proconve P8 / Euro 6;https://www.iveco.com/brasil/-/media/IVECOdotcom/Brasil/ProductBrochures/S-WAY_540_6X4-20-05-2025.pdf?rev=0971168e35394576965b399e5ada81c8;"Conferido em fonte oficial; valores variáveis ou não publicados foram identificados explicitamente"
tector-11-190;IVECO;Tector;Tector 11-190;Caminhão;10.600 kg;13.000 kg;Não publicado na ficha oficial;4,56:1;3.886 / 4.441;Conforme entre-eixos e implementação;Diesel;Não se aplica;Não se aplica;Não se aplica;Não se aplica;4x2;Chassi-cabine;Proconve P8 / Euro 6;https://www.iveco.com/brasil/-/media/IVECOdotcom/Brasil/ProductBrochures/Iveco_tector_medio_MY24-v8.pdf?rev=f6846a22333e4af3879b7f7edf9b1794;"Conferido em fonte oficial; valores variáveis ou não publicados foram identificados explicitamente"
tector-15-210;IVECO;Tector;Tector 15-210;Caminhão;15.400 kg;27.000 kg;Não publicado na ficha oficial;4,10:1 / 5,72:1;4.104 / 4.735;Conforme entre-eixos e implementação;Diesel;Não se aplica;Não se aplica;Não se aplica;Não se aplica;4x2;Chassi-cabine;Proconve P8 / Euro 6;https://www.iveco.com/brasil/-/media/IVECOdotcom/Brasil/ProductBrochures/Iveco_tector_medio_MY24-v8.pdf?rev=f6846a22333e4af3879b7f7edf9b1794;"Conferido em fonte oficial; valores variáveis ou não publicados foram identificados explicitamente"
tector-17-320;IVECO;Tector;Tector 17-320;Caminhão;16.000 kg;33.000 kg;Não publicado na ficha oficial;3,73:1;4.188 / 4.818;Conforme entre-eixos e implementação;Diesel;Não se aplica;Não se aplica;Não se aplica;Não se aplica;4x2;Chassi-cabine;Proconve P8 / Euro 6;https://www.iveco.com/brasil/-/media/IVECOdotcom/Brasil/ProductBrochures/Iveco_tector_semipesado_MY24-v12.pdf?rev=8fee15f7982a4004aa534cf87d7150ed;"Conferido em fonte oficial; valores variáveis ou não publicados foram identificados explicitamente"
tector-17-320t;IVECO;Tector;Tector 17-320T;Caminhão;16.000 kg;35.000 kg;Não publicado na ficha oficial;4,56:1;3.693;Conforme entre-eixos e implementação;Diesel;Não se aplica;Não se aplica;Não se aplica;Não se aplica;4x2, cavalo mecânico;Cavalo mecânico;Proconve P8 / Euro 6;https://www.iveco.com/brasil/-/media/IVECOdotcom/Brasil/ProductBrochures/Iveco_tector_semipesado_MY24-v12.pdf?rev=8fee15f7982a4004aa534cf87d7150ed;"Conferido em fonte oficial; valores variáveis ou não publicados foram identificados explicitamente"
tector-24-280;IVECO;Tector;Tector 24-280;Caminhão;23.000 kg;36.000 kg;Não publicado na ficha oficial;3,73:1;4.189 / 4.819 / 5.668;Conforme entre-eixos e implementação;Diesel;Não se aplica;Não se aplica;Não se aplica;Não se aplica;6x2;Chassi-cabine;Proconve P8 / Euro 6;https://www.iveco.com/brasil/-/media/IVECOdotcom/Brasil/ProductBrochures/Iveco_tector_semipesado_MY24-v12.pdf?rev=8fee15f7982a4004aa534cf87d7150ed;"Conferido em fonte oficial; valores variáveis ou não publicados foram identificados explicitamente"
tector-24-320;IVECO;Tector;Tector 24-320;Caminhão;23.000 kg;44.000 kg;Não publicado na ficha oficial;3,73:1;4.189 / 4.819 / 5.668;Conforme entre-eixos e implementação;Diesel;Não se aplica;Não se aplica;Não se aplica;Não se aplica;6x2;Chassi-cabine;Proconve P8 / Euro 6;https://www.iveco.com/brasil/-/media/IVECOdotcom/Brasil/ProductBrochures/Iveco_tector_semipesado_MY24-v12.pdf?rev=8fee15f7982a4004aa534cf87d7150ed;"Conferido em fonte oficial; valores variáveis ou não publicados foram identificados explicitamente"
tector-27-320;IVECO;Tector;Tector 27-320;Caminhão;23.000 kg;44.000 kg;Não publicado na ficha oficial;4,88:1;3.690 / 4.185 / 4.815;Conforme entre-eixos e implementação;Diesel;Não se aplica;Não se aplica;Não se aplica;Não se aplica;6x4;Chassi-cabine;Proconve P8 / Euro 6;https://www.iveco.com/brasil/-/media/IVECOdotcom/Brasil/ProductBrochures/Iveco_tector_semipesado_MY24-v12.pdf?rev=8fee15f7982a4004aa534cf87d7150ed;"Conferido em fonte oficial; valores variáveis ou não publicados foram identificados explicitamente"
tector-31-280;IVECO;Tector;Tector 31-280;Caminhão;29.000 kg;35.000 kg;Não publicado na ficha oficial;3,73:1;5.175 / 5.950;Conforme entre-eixos e implementação;Diesel;Não se aplica;Não se aplica;Não se aplica;Não se aplica;8x2;Chassi-cabine;Proconve P8 / Euro 6;https://www.iveco.com/brasil/-/media/IVECOdotcom/Brasil/ProductBrochures/Iveco_tector_semipesado_MY24-v12.pdf?rev=8fee15f7982a4004aa534cf87d7150ed;"Conferido em fonte oficial; valores variáveis ou não publicados foram identificados explicitamente"
tector-31-320;IVECO;Tector;Tector 31-320;Caminhão;29.000 kg;35.000 kg;Não publicado na ficha oficial;3,73:1;5.175 / 5.950;Conforme entre-eixos e implementação;Diesel;Não se aplica;Não se aplica;Não se aplica;Não se aplica;8x2;Chassi-cabine;Proconve P8 / Euro 6;https://www.iveco.com/brasil/-/media/IVECOdotcom/Brasil/ProductBrochures/Iveco_tector_semipesado_MY24-v12.pdf?rev=8fee15f7982a4004aa534cf87d7150ed;"Conferido em fonte oficial; valores variáveis ou não publicados foram identificados explicitamente"
tector-9-190;IVECO;Tector;Tector 9-190;Caminhão;8.600 kg;11.000 kg;Não publicado na ficha oficial;4,30:1;3.906 / 4.460;Conforme entre-eixos e implementação;Diesel;Não se aplica;Não se aplica;Não se aplica;Não se aplica;4x2;Chassi-cabine;Proconve P8 / Euro 6;https://www.iveco.com/brasil/-/media/IVECOdotcom/Brasil/ProductBrochures/Iveco_tector_medio_MY24-v8.pdf?rev=f6846a22333e4af3879b7f7edf9b1794;"Conferido em fonte oficial; valores variáveis ou não publicados foram identificados explicitamente"
actros-2045-s-4x2;Mercedes-Benz;Actros;Actros 2045 S 4x2;Caminhão;20.000 kg;Não publicado (CMT 62.000 / 68.000 kg);62.000 / 68.000 kg;Conforme eixo e aplicação;Conforme configuração do chassi;Conforme entre-eixos e implementação;Diesel;Não se aplica;Não se aplica;Não se aplica;Não se aplica;4x2, cavalo mecânico;Cavalo mecânico;Proconve P8 / Euro 6;https://www.mercedes-benz-trucks.com.br/caminhoes/actros;"Conferido em fonte oficial; valores variáveis ou não publicados foram identificados explicitamente"
actros-2548-s-6x2;Mercedes-Benz;Actros;Actros 2548 S 6x2;Caminhão;25.000 kg;Não publicado (CMT 62.000 / 68.000 kg);62.000 / 68.000 kg;Conforme eixo e aplicação;Conforme configuração do chassi;Conforme entre-eixos e implementação;Diesel;Não se aplica;Não se aplica;Não se aplica;Não se aplica;6x2, cavalo mecânico;Cavalo mecânico;Proconve P8 / Euro 6;https://www.mercedes-benz-trucks.com.br/caminhoes/actros;"Conferido em fonte oficial; valores variáveis ou não publicados foram identificados explicitamente"
actros-2553-s-6x2;Mercedes-Benz;Actros;Actros 2553 S 6x2;Caminhão;25.000 kg;Não publicado (CMT 62.000 / 68.000 kg);62.000 / 68.000 kg;Conforme eixo e aplicação;Conforme configuração do chassi;Conforme entre-eixos e implementação;Diesel;Não se aplica;Não se aplica;Não se aplica;Não se aplica;6x2, cavalo mecânico;Cavalo mecânico;Proconve P8 / Euro 6;https://www.mercedes-benz-trucks.com.br/caminhoes/actros;"Conferido em fonte oficial; valores variáveis ou não publicados foram identificados explicitamente"
actros-2651-s-6x4;Mercedes-Benz;Actros;Actros 2651 S 6x4;Caminhão;26.000 kg;Não publicado (CMT 80.000 / 120.000 kg);80.000 / 120.000 kg;Conforme eixo e aplicação;Conforme configuração do chassi;Conforme entre-eixos e implementação;Diesel;Não se aplica;Não se aplica;Não se aplica;Não se aplica;6x4, cavalo mecânico;Cavalo mecânico;Proconve P8 / Euro 6;https://www.mercedes-benz-trucks.com.br/caminhoes/actros;"Conferido em fonte oficial; valores variáveis ou não publicados foram identificados explicitamente"
actros-2653-s-6x4;Mercedes-Benz;Actros;Actros 2653 S 6x4;Caminhão;26.000 kg;Não publicado (CMT 80.000 / 120.000 kg);80.000 / 120.000 kg;Conforme eixo e aplicação;3.250;Conforme entre-eixos e implementação;Diesel;Não se aplica;Não se aplica;Não se aplica;Não se aplica;6x4, cavalo mecânico;Cavalo mecânico;Proconve P8 / Euro 6;https://www.mercedes-benz-trucks.com.br/caminhoes/actros;"Conferido em fonte oficial; valores variáveis ou não publicados foram identificados explicitamente"
arocs-3351-k-6x4;Mercedes-Benz;Arocs;Arocs 3351 K 6x4;Caminhão;33.500 kg;Não publicado (CMT 150.000 kg);150.000 kg;Conforme eixo e aplicação;3.300+1.350;Conforme entre-eixos e implementação;Diesel;Não se aplica;Não se aplica;Não se aplica;Não se aplica;6x4 basculante;Chassi-cabine;Proconve P8 / Euro 6;https://www.mercedes-benz-trucks.com.br/caminhoes/arocs;"Conferido em fonte oficial; valores variáveis ou não publicados foram identificados explicitamente"
arocs-3353-s-6x4;Mercedes-Benz;Arocs;Arocs 3353 S 6x4;Caminhão;33.500 kg;Não publicado (CMT 150.000 kg);150.000 kg;Conforme eixo e aplicação;3.300+1.650;Conforme entre-eixos e implementação;Diesel;Não se aplica;Não se aplica;Não se aplica;Não se aplica;6x4, cavalo mecânico;Cavalo mecânico;Proconve P8 / Euro 6;https://www.mercedes-benz-trucks.com.br/caminhoes/arocs;"Conferido em fonte oficial; valores variáveis ou não publicados foram identificados explicitamente"
arocs-4151-k-6x4;Mercedes-Benz;Arocs;Arocs 4151 K 6x4;Caminhão;41.000 kg;Não publicado (CMT 150.000 kg);150.000 kg;Conforme eixo e aplicação;Conforme configuração do chassi;Conforme entre-eixos e implementação;Diesel;Não se aplica;Não se aplica;Não se aplica;Não se aplica;6x4 basculante;Chassi-cabine;Proconve P8 / Euro 6;https://www.mercedes-benz-trucks.com.br/caminhoes/arocs;"Conferido em fonte oficial; valores variáveis ou não publicados foram identificados explicitamente"
arocs-5851-k-8x4;Mercedes-Benz;Arocs;Arocs 5851 K 8x4;Caminhão;58.000 kg;Não publicado (CMT 150.000 kg);150.000 kg;Conforme eixo e aplicação;2.000+2.550+1.450;Conforme entre-eixos e implementação;Diesel;Não se aplica;Não se aplica;Não se aplica;Não se aplica;8x4 basculante;Chassi-cabine;Proconve P8 / Euro 6;https://www.mercedes-benz-trucks.com.br/caminhoes/arocs;"Conferido em fonte oficial; valores variáveis ou não publicados foram identificados explicitamente"
atego-1719-k-4x2;Mercedes-Benz;Atego;Atego 1719 K 4x2;Caminhão;17.100 kg;Não publicado na ficha oficial;Não publicado na ficha oficial;Conforme eixo e aplicação;3.600 / 4.200 / 4.800 / 5.400;Conforme entre-eixos e implementação;Diesel;Não se aplica;Não se aplica;Não se aplica;Não se aplica;4x2 basculante;Chassi-cabine;Proconve P8 / Euro 6;https://www.mercedes-benz-trucks.com.br/caminhoes/atego;"Conferido em fonte oficial; valores variáveis ou não publicados foram identificados explicitamente"
atego-1726-p-4x2;Mercedes-Benz;Atego;Atego 1726 P 4x2;Caminhão;17.100 kg;Não publicado na ficha oficial;Não publicado na ficha oficial;Conforme eixo e aplicação;3.600 / 4.200 / 4.800 / 5.400;Conforme entre-eixos e implementação;Diesel;Não se aplica;Não se aplica;Não se aplica;Não se aplica;4x2 plataforma;Chassi-cabine;Proconve P8 / Euro 6;https://www.mercedes-benz-trucks.com.br/caminhoes/atego;"Conferido em fonte oficial; valores variáveis ou não publicados foram identificados explicitamente"
atego-1733-k-4x2;Mercedes-Benz;Atego;Atego 1733 K 4x2;Caminhão;17.100 kg;Não publicado na ficha oficial;Não publicado na ficha oficial;Conforme eixo e aplicação;3.600 / 3.900 / 4.200 / 4.800 / 5.400;Conforme entre-eixos e implementação;Diesel;Não se aplica;Não se aplica;Não se aplica;Não se aplica;4x2 basculante;Chassi-cabine;Proconve P8 / Euro 6;https://www.mercedes-benz-trucks.com.br/caminhoes/atego;"Conferido em fonte oficial; valores variáveis ou não publicados foram identificados explicitamente"
atego-1933-ls-4x2;Mercedes-Benz;Atego;Atego 1933 LS 4x2;Caminhão;19.000 kg;Não publicado (CMT 45.100 kg);45.100 kg;Conforme eixo e aplicação;3.600;Conforme entre-eixos e implementação;Diesel;Não se aplica;Não se aplica;Não se aplica;Não se aplica;4x2, cavalo mecânico;Cavalo mecânico;Proconve P8 / Euro 6;https://www.mercedes-benz-trucks.com.br/caminhoes/atego;"Conferido em fonte oficial; valores variáveis ou não publicados foram identificados explicitamente"
atego-2429-p-6x2;Mercedes-Benz;Atego;Atego 2429 P 6x2;Caminhão;24.100 kg;Não publicado na ficha oficial;Não publicado na ficha oficial;Conforme eixo e aplicação;3.600 / 4.800 / 5.400;Conforme entre-eixos e implementação;Diesel;Não se aplica;Não se aplica;Não se aplica;Não se aplica;6x2 plataforma;Chassi-cabine;Proconve P8 / Euro 6;https://www.mercedes-benz-trucks.com.br/caminhoes/atego;"Conferido em fonte oficial; valores variáveis ou não publicados foram identificados explicitamente"
atego-2433-p-6x2;Mercedes-Benz;Atego;Atego 2433 P 6x2;Caminhão;24.100 kg;Não publicado na ficha oficial;Não publicado na ficha oficial;Conforme eixo e aplicação;3.600 / 4.800 / 5.400;Conforme entre-eixos e implementação;Diesel;Não se aplica;Não se aplica;Não se aplica;Não se aplica;6x2 plataforma;Chassi-cabine;Proconve P8 / Euro 6;https://www.mercedes-benz-trucks.com.br/caminhoes/atego;"Conferido em fonte oficial; valores variáveis ou não publicados foram identificados explicitamente"
atego-2730-p-6x4;Mercedes-Benz;Atego;Atego 2730 P 6x4;Caminhão;26.600 kg;Não publicado na ficha oficial;Não publicado na ficha oficial;Conforme eixo e aplicação;3.600 / 4.800;Conforme entre-eixos e implementação;Diesel;Não se aplica;Não se aplica;Não se aplica;Não se aplica;6x4 plataforma;Chassi-cabine;Proconve P8 / Euro 6;https://www.mercedes-benz-trucks.com.br/caminhoes/atego;"Conferido em fonte oficial; valores variáveis ou não publicados foram identificados explicitamente"
atego-3033-p-8x2;Mercedes-Benz;Atego;Atego 3033 P 8x2;Caminhão;30.200 kg;Não publicado na ficha oficial;Não publicado na ficha oficial;Conforme eixo e aplicação;4.800 / 5.400 / 6.300;Conforme entre-eixos e implementação;Diesel;Não se aplica;Não se aplica;Não se aplica;Não se aplica;8x2 plataforma;Chassi-cabine;Proconve P8 / Euro 6;https://www.mercedes-benz-trucks.com.br/caminhoes/atego;"Conferido em fonte oficial; valores variáveis ou não publicados foram identificados explicitamente"
axor-2038-s-4x2;Mercedes-Benz;Axor;Axor 2038 S 4x2;Caminhão;20.000 kg;Não publicado (CMT 62.000 / 68.000 kg);62.000 / 68.000 kg;Conforme eixo e aplicação;Conforme configuração do chassi;Conforme entre-eixos e implementação;Diesel;Não se aplica;Não se aplica;Não se aplica;Não se aplica;4x2, cavalo mecânico;Cavalo mecânico;Proconve P8 / Euro 6;https://www.mercedes-benz-trucks.com.br/caminhoes/axor;"Conferido em fonte oficial; valores variáveis ou não publicados foram identificados explicitamente"
axor-2538-s-6x2;Mercedes-Benz;Axor;Axor 2538 S 6x2;Caminhão;25.000 kg;Não publicado (CMT Conforme configuração homologada);Conforme configuração homologada;Conforme eixo e aplicação;Conforme configuração do chassi;Conforme entre-eixos e implementação;Diesel;Não se aplica;Não se aplica;Não se aplica;Não se aplica;6x2, cavalo mecânico;Cavalo mecânico;Proconve P8 / Euro 6;https://www.mercedes-benz-trucks.com.br/caminhoes/axor;"Conferido em fonte oficial; valores variáveis ou não publicados foram identificados explicitamente"
axor-2545-s-6x2;Mercedes-Benz;Axor;Axor 2545 S 6x2;Caminhão;25.000 kg;Não publicado (CMT 62.000 / 68.000 kg);62.000 / 68.000 kg;Conforme eixo e aplicação;3.553+1.350;Conforme entre-eixos e implementação;Diesel;Não se aplica;Não se aplica;Não se aplica;Não se aplica;6x2, cavalo mecânico;Cavalo mecânico;Proconve P8 / Euro 6;https://www.mercedes-benz-trucks.com.br/caminhoes/axor;"Conferido em fonte oficial; valores variáveis ou não publicados foram identificados explicitamente"
lo-916-48-ore-2;Mercedes-Benz;LO Micro-Ônibus e Escolar;LO 916/48 ORE 2;Ônibus;9.400 kg;Não se aplica;Não publicado na ficha oficial;4,30:1;4.800;Até 9,2 m;Diesel;Não se aplica;Não se aplica;Não se aplica;Até 45 pessoas, incluindo motorista;4x2, piso alto escolar;Chassi de ônibus;Proconve P8 / Euro 6;https://salandingpagespaasprod.blob.core.windows.net/institutional-public/storage/assets/gallery/docs/lo-91648-ore2.pdf;"Conferido em fonte oficial; valores variáveis ou não publicados foram identificados explicitamente"
accelo-1117;Mercedes-Benz;Novo Accelo;Accelo 1117;Caminhão;10.700 kg;Não publicado na ficha oficial;Não publicado na ficha oficial;Conforme eixo e aplicação;3.100 / 3.900 / 4.600;Conforme entre-eixos e implementação;Diesel;Não se aplica;Não se aplica;Não se aplica;Não se aplica;4x2;Chassi-cabine;Proconve P8 / Euro 6;https://www.mercedes-benz-trucks.com.br/showroom/caminhoes/novo-accelo;"Conferido em fonte oficial; valores variáveis ou não publicados foram identificados explicitamente"
accelo-1317;Mercedes-Benz;Novo Accelo;Accelo 1317;Caminhão;13.000 kg;Não publicado na ficha oficial;Não publicado na ficha oficial;Conforme eixo e aplicação;3.900+978 / 4.600+978;Conforme entre-eixos e implementação;Diesel;Não se aplica;Não se aplica;Não se aplica;Não se aplica;6x2;Chassi-cabine;Proconve P8 / Euro 6;https://www.mercedes-benz-trucks.com.br/showroom/caminhoes/novo-accelo;"Conferido em fonte oficial; valores variáveis ou não publicados foram identificados explicitamente"
accelo-1417;Mercedes-Benz;Novo Accelo;Accelo 1417;Caminhão;14.000 kg;Não publicado na ficha oficial;Não publicado na ficha oficial;Conforme eixo e aplicação;3.900+978 / 4.600+978;Conforme entre-eixos e implementação;Diesel;Não se aplica;Não se aplica;Não se aplica;Não se aplica;6x2;Chassi-cabine;Proconve P8 / Euro 6;https://www.mercedes-benz-trucks.com.br/showroom/caminhoes/novo-accelo;"Conferido em fonte oficial; valores variáveis ou não publicados foram identificados explicitamente"
accelo-917;Mercedes-Benz;Novo Accelo;Accelo 917;Caminhão;9.600 kg;Não publicado na ficha oficial;Não publicado na ficha oficial;Conforme eixo e aplicação;3.100 / 3.900 / 4.600;Conforme entre-eixos e implementação;Diesel;Não se aplica;Não se aplica;Não se aplica;Não se aplica;4x2;Chassi-cabine;Proconve P8 / Euro 6;https://www.mercedes-benz-trucks.com.br/showroom/caminhoes/novo-accelo;"Conferido em fonte oficial; valores variáveis ou não publicados foram identificados explicitamente"
o-500-rsdd-2745-30;Mercedes-Benz;O 500 Rodoviários;O 500 RSDD 2745/30;Ônibus;27.000 kg;Não se aplica;Não publicado na ficha oficial;2,533:1 / 2,846:1;3.000;15,0 m;Diesel;Não se aplica;Não se aplica;Não se aplica;Até 68 passageiros;8x2 rodoviário;Chassi de ônibus;Proconve P8 / Euro 6;https://salandingpagespaasprod.blob.core.windows.net/institutional-public/storage/assets/gallery/docs/o500-rsdd-2745-30-a.pdf;"Conferido em fonte oficial; valores variáveis ou não publicados foram identificados explicitamente"
o-500-ua-2938;Mercedes-Benz;O 500 Urbanos;O 500 UA 2938;Ônibus;29.000 kg;Não se aplica;Não publicado na ficha oficial;7,73:1 / 6,00:1;Conforme homologação da carroceria;Até 18,6 m;Diesel;Não se aplica;Não se aplica;Não se aplica;Até 135 passageiros;6x2 articulado, entrada baixa;Chassi de ônibus;Proconve P8 / Euro 6;https://salandingpagespaasprod.blob.core.windows.net/institutional-public/storage/assets/gallery/docs/o500-ua-2938-a.pdf;"Conferido em fonte oficial; valores variáveis ou não publicados foram identificados explicitamente"
of-1721l-59;Mercedes-Benz;OF Urbanos e Fretamento;OF 1721L/59;Ônibus;17.000 kg;Não se aplica;Não publicado na ficha oficial;5,875:1 / 5,222:1;5.950;11,3 m ou 12,7 a 13,2 m;Diesel;Não se aplica;Não se aplica;Não se aplica;70 a 80 passageiros;4x2, piso alto;Chassi de ônibus;Proconve P8 / Euro 6;https://salandingpagespaasprod.blob.core.windows.net/institutional-public/storage/assets/gallery/docs/of-1721l-59.pdf;"Conferido em fonte oficial; valores variáveis ou não publicados foram identificados explicitamente"
mercedes-benz-eo500u;Mercedes-Benz;eO500;Mercedes-Benz eO500U;Ônibus;21.200 kg;Não se aplica;Não publicado na ficha oficial;"Integrada ao eixo; relação não publicada";Conforme homologação da carroceria;Carroceria de até 13,2 m;100% elétrico;"3 a 6 pacotes NMC de 98 kWh; até 588 kWh";Até 270 km;"CCS2, até 150 kW; recarga completa em até 3 horas";Mais de 80 passageiros nas configurações de 3 a 5 baterias;4x2, piso baixo;Chassi de ônibus;Zero emissão local;https://www.mercedes-benz-trucks.com.br/showroom/onibus/urbano/eo500u;"Conferido em fonte oficial; valores variáveis ou não publicados foram identificados explicitamente"
scania-g-420-super;Scania;Linha G;Scania G 420 Super;Caminhão;Conforme configuração do chassi;Conforme configuração homologada;Conforme eixo, transmissão e aplicação;Conforme eixo e aplicação;Conforme configuração do chassi;Conforme entre-eixos e implementação;Diesel;Não se aplica;Não se aplica;Não se aplica;Não se aplica;"Cabine G; configuração conforme aplicação";Cavalo mecânico;Proconve P8 / Euro 6;https://www.scania.com/br/pt/home/products/trucks/Scania-Super.html;"Conferido em fonte oficial; valores variáveis ou não publicados foram identificados explicitamente"
scania-g-460-super;Scania;Linha G;Scania G 460 Super;Caminhão;Conforme configuração do chassi;Conforme configuração homologada;Conforme eixo, transmissão e aplicação;Conforme eixo e aplicação;Conforme configuração do chassi;Conforme entre-eixos e implementação;Diesel;Não se aplica;Não se aplica;Não se aplica;Não se aplica;"Cabine G; configuração conforme aplicação";Cavalo mecânico;Proconve P8 / Euro 6;https://www.scania.com/br/pt/home/products/trucks/Scania-Super.html;"Conferido em fonte oficial; valores variáveis ou não publicados foram identificados explicitamente"
scania-g-500-super;Scania;Linha G;Scania G 500 Super;Caminhão;Conforme configuração do chassi;Conforme configuração homologada;Conforme eixo, transmissão e aplicação;Conforme eixo e aplicação;Conforme configuração do chassi;Conforme entre-eixos e implementação;Diesel;Não se aplica;Não se aplica;Não se aplica;Não se aplica;"Cabine G; configuração conforme aplicação";Cavalo mecânico;Proconve P8 / Euro 6;https://www.scania.com/br/pt/home/products/trucks/Scania-Super.html;"Conferido em fonte oficial; valores variáveis ou não publicados foram identificados explicitamente"
scania-g-560-super;Scania;Linha G;Scania G 560 Super;Caminhão;Conforme configuração do chassi;Conforme configuração homologada;Conforme eixo, transmissão e aplicação;Conforme eixo e aplicação;Conforme configuração do chassi;Conforme entre-eixos e implementação;Diesel;Não se aplica;Não se aplica;Não se aplica;Não se aplica;"Cabine G; configuração conforme aplicação";Cavalo mecânico;Proconve P8 / Euro 6;https://www.scania.com/br/pt/home/products/trucks/Scania-Super.html;"Conferido em fonte oficial; valores variáveis ou não publicados foram identificados explicitamente"
scania-p-420-super;Scania;Linha P;Scania P 420 Super;Caminhão;Conforme configuração do chassi;Conforme configuração homologada;Conforme eixo, transmissão e aplicação;Conforme eixo e aplicação;Conforme configuração do chassi;Conforme entre-eixos e implementação;Diesel;Não se aplica;Não se aplica;Não se aplica;Não se aplica;"Cabine P; configuração conforme aplicação";Chassi-cabine;Proconve P8 / Euro 6;https://www.scania.com/br/pt/home/products/trucks/Scania-Super.html;"Conferido em fonte oficial; valores variáveis ou não publicados foram identificados explicitamente"
scania-p-460-super;Scania;Linha P;Scania P 460 Super;Caminhão;Conforme configuração do chassi;Conforme configuração homologada;Conforme eixo, transmissão e aplicação;Conforme eixo e aplicação;Conforme configuração do chassi;Conforme entre-eixos e implementação;Diesel;Não se aplica;Não se aplica;Não se aplica;Não se aplica;"Cabine P; configuração conforme aplicação";Chassi-cabine;Proconve P8 / Euro 6;https://www.scania.com/br/pt/home/products/trucks/Scania-Super.html;"Conferido em fonte oficial; valores variáveis ou não publicados foram identificados explicitamente"
scania-p-500-super;Scania;Linha P;Scania P 500 Super;Caminhão;Conforme configuração do chassi;Conforme configuração homologada;Conforme eixo, transmissão e aplicação;Conforme eixo e aplicação;Conforme configuração do chassi;Conforme entre-eixos e implementação;Diesel;Não se aplica;Não se aplica;Não se aplica;Não se aplica;"Cabine P; configuração conforme aplicação";Chassi-cabine;Proconve P8 / Euro 6;https://www.scania.com/br/pt/home/products/trucks/Scania-Super.html;"Conferido em fonte oficial; valores variáveis ou não publicados foram identificados explicitamente"
r-540-a-6x4-nz-plus-540-cv;Scania;Linha R;R 540 A 6x4 NZ (plus) 540 cv;Caminhão;23.000 kg;Conforme configuração homologada;Conforme configuração homologada;Conforme eixo e aplicação;3.550;Conforme entre-eixos e implementação;Diesel;Não se aplica;Não se aplica;Não se aplica;Não se aplica;"Cabine R; configuração conforme aplicação";Cavalo mecânico;Proconve P8 / Euro 6;https://www.scania.com/br/pt/home/products/trucks/Scania-Super.html;"Conferido em fonte oficial; valores variáveis ou não publicados foram identificados explicitamente"
scania-r-420-super;Scania;Linha R;Scania R 420 Super;Caminhão;Conforme configuração do chassi;Conforme configuração homologada;Conforme eixo, transmissão e aplicação;Conforme eixo e aplicação;Conforme configuração do chassi;Conforme entre-eixos e implementação;Diesel;Não se aplica;Não se aplica;Não se aplica;Não se aplica;"Cabine R; configuração conforme aplicação";Cavalo mecânico;Proconve P8 / Euro 6;https://www.scania.com/br/pt/home/products/trucks/Scania-Super.html;"Conferido em fonte oficial; valores variáveis ou não publicados foram identificados explicitamente"
scania-r-460-super;Scania;Linha R;Scania R 460 Super;Caminhão;Conforme configuração do chassi;Conforme configuração homologada;Conforme eixo, transmissão e aplicação;Conforme eixo e aplicação;Conforme configuração do chassi;Conforme entre-eixos e implementação;Diesel;Não se aplica;Não se aplica;Não se aplica;Não se aplica;"Cabine R; configuração conforme aplicação";Cavalo mecânico;Proconve P8 / Euro 6;https://www.scania.com/br/pt/home/products/trucks/Scania-Super.html;"Conferido em fonte oficial; valores variáveis ou não publicados foram identificados explicitamente"
scania-r-500-6x4-super;Scania;Linha R;Scania R 500 6x4 Super;Caminhão;23.000 Kg;74.000 Kg;Não publicado na ficha oficial;3,07:1 | 3,42:1;3.550;7.110 mm;Diesel;Não se aplica;Não se aplica;Não se aplica;Não se aplica;6x4;Cavalo mecânico;Proconve P8 / Euro 6;https://www.scania.com/br/pt/home/products/trucks/Scania-Super.html;"Conferido em fonte oficial; valores variáveis ou não publicados foram identificados explicitamente"
scania-r-560-6x4-super;Scania;Linha R;Scania R 560  6x4 Super;Caminhão;28.100 Kg;74.000 Kg;Não publicado na ficha oficial;Conforme eixo e aplicação;3.550;7.110 mm;Diesel Euro 6;Não se aplica;Não se aplica;Não se aplica;Não se aplica;6x4;Cavalo mecânico;Proconve P8 / Euro 6;https://www.scania.com/br/pt/home/products/trucks/Scania-Super.html;"Conferido em fonte oficial; valores variáveis ou não publicados foram identificados explicitamente"
scania-s-420-super;Scania;Linha S;Scania S 420 Super;Caminhão;Conforme configuração do chassi;Conforme configuração homologada;Conforme eixo, transmissão e aplicação;Conforme eixo e aplicação;Conforme configuração do chassi;Conforme entre-eixos e implementação;Diesel;Não se aplica;Não se aplica;Não se aplica;Não se aplica;Cabine S de piso plano;Cavalo mecânico;Proconve P8 / Euro 6;https://www.scania.com/br/pt/home/products/trucks/Scania-Super.html;"Conferido em fonte oficial; valores variáveis ou não publicados foram identificados explicitamente"
scania-s-460-super;Scania;Linha S;Scania S 460 Super;Caminhão;Conforme configuração do chassi;Conforme configuração homologada;Conforme eixo, transmissão e aplicação;Conforme eixo e aplicação;Conforme configuração do chassi;Conforme entre-eixos e implementação;Diesel;Não se aplica;Não se aplica;Não se aplica;Não se aplica;Cabine S de piso plano;Cavalo mecânico;Proconve P8 / Euro 6;https://www.scania.com/br/pt/home/products/trucks/Scania-Super.html;"Conferido em fonte oficial; valores variáveis ou não publicados foram identificados explicitamente"
scania-s-500-super;Scania;Linha S;Scania S 500 Super;Caminhão;Conforme configuração do chassi;Conforme configuração homologada;Conforme eixo, transmissão e aplicação;Conforme eixo e aplicação;Conforme configuração do chassi;Conforme entre-eixos e implementação;Diesel;Não se aplica;Não se aplica;Não se aplica;Não se aplica;Cabine S de piso plano;Cavalo mecânico;Proconve P8 / Euro 6;https://www.scania.com/br/pt/home/products/trucks/Scania-Super.html;"Conferido em fonte oficial; valores variáveis ou não publicados foram identificados explicitamente"
scania-s-560-super;Scania;Linha S;Scania S 560 Super;Caminhão;Conforme configuração do chassi;Conforme configuração homologada;Conforme eixo, transmissão e aplicação;Conforme eixo e aplicação;Conforme configuração do chassi;Conforme entre-eixos e implementação;Diesel;Não se aplica;Não se aplica;Não se aplica;Não se aplica;Cabine S de piso plano;Cavalo mecânico;Proconve P8 / Euro 6;https://www.scania.com/br/pt/home/products/trucks/Scania-Super.html;"Conferido em fonte oficial; valores variáveis ou não publicados foram identificados explicitamente"
scania-k-370-4x2nb;Scania;Série K Rodoviários;Scania K 370 4x2NB;Ônibus;Conforme homologação da carroceria;Não se aplica;Não se aplica;2,72:1 / 2,92:1 / 3,07:1 / 3,42:1;Conforme homologação da carroceria;Conforme carroceria homologada;Diesel;Não se aplica;Não se aplica;Não se aplica;Conforme carroceria homologada;4x2 rodoviário;Chassi de ônibus;Proconve P8;https://www.scania.com/content/dam/www/market/br/pdfs1/especificacoes/onibus/2023/K3704x2NB.pdf;"Conferido em fonte oficial; valores variáveis ou não publicados foram identificados explicitamente"
scania-k-500-8x2nb;Scania;Série K Rodoviários;Scania K 500 8x2NB;Ônibus;Conforme homologação da carroceria;Não se aplica;Não se aplica;2,71:1 / 2,92:1 / 3,08:1;Conforme homologação da carroceria;Conforme carroceria homologada;Diesel;Não se aplica;Não se aplica;Não se aplica;Conforme carroceria homologada;8x2 rodoviário;Chassi de ônibus;Proconve P8;https://www.scania.com/content/dam/www/market/br/pdfs1/especificacoes/onibus/2023/K5008x2NB.pdf;"Conferido em fonte oficial; valores variáveis ou não publicados foram identificados explicitamente"
constellation-14-210-4x2;Volkswagen Caminhões e Ônibus;Constellation;Constellation 14.210 4x2;Caminhão;14.500 kg;23.000 kg;Não publicado na ficha oficial;4,88:1 / 4,10:1 / 5,72:1 / 4,56:1 / 6,36:1;4.800 / 5.207;Conforme entre-eixos e implementação;Diesel;Não se aplica;Não se aplica;Não se aplica;Não se aplica;4x2, chassi-cabine;Chassi-cabine;Proconve P8 / Euro 6;https://d1qeqf1yyyqyq8.cloudfront.net/1700b775-9215-4788-9467-e7b2f811c990.pdf;"Conferido em fonte oficial; valores variáveis ou não publicados foram identificados explicitamente"
constellation-17-210-4x2;Volkswagen Caminhões e Ônibus;Constellation;Constellation 17.210 4x2;Caminhão;16.000 kg;27.000 kg;Não publicado na ficha oficial;5,29:1 / 4,10:1 / 5,72:1 / 4,56:1 / 6,36:1;4.800 / 5.207;Conforme entre-eixos e implementação;Diesel;Não se aplica;Não se aplica;Não se aplica;Não se aplica;4x2, chassi-cabine;Chassi-cabine;Proconve P8 / Euro 6;https://d1qeqf1yyyqyq8.cloudfront.net/d7697992-bf48-42bc-8d11-2cb747bed1d3.pdf;"Conferido em fonte oficial; valores variáveis ou não publicados foram identificados explicitamente"
constellation-18-210-4x2;Volkswagen Caminhões e Ônibus;Constellation;Constellation 18.210 4x2;Caminhão;16.000 kg;27.000 kg;Não publicado na ficha oficial;5,29:1 / 5,86:1 / 4,56:1 / 6,36:1 / 4,10:1 / 5,72:1 / 6,57:1;3.560 / 4.800 / 5.207;Conforme entre-eixos e implementação;Diesel;Não se aplica;Não se aplica;Não se aplica;Não se aplica;4x2, chassi-cabine;Chassi-cabine;Proconve P8 / Euro 6;https://d1qeqf1yyyqyq8.cloudfront.net/70ebe2db-8651-4917-a145-45e568eb6d58.pdf;"Conferido em fonte oficial; valores variáveis ou não publicados foram identificados explicitamente"
constellation-18-260-4x2;Volkswagen Caminhões e Ônibus;Constellation;Constellation 18.260 4x2;Caminhão;16.000 kg;35.000 kg;Não publicado na ficha oficial;4,88:1 / 6,65:1 / 3,73:1 / 3,42:1;3.560 / 4.340 / 4.800 / 5.207;Conforme entre-eixos e implementação;Diesel;Não se aplica;Não se aplica;Não se aplica;Não se aplica;4x2, chassi-cabine;Chassi-cabine;Proconve P8 / Euro 6;https://d1qeqf1yyyqyq8.cloudfront.net/926afab9-85a2-4ac1-90c7-0978cb47a2cd.pdf;"Conferido em fonte oficial; valores variáveis ou não publicados foram identificados explicitamente"
constellation-18-320-4x2;Volkswagen Caminhões e Ônibus;Constellation;Constellation 18.320 4x2;Caminhão;16.000 kg;36.000 kg;Não publicado na ficha oficial;3,42:1 / 3,73:1;4.340 / 4.800 / 5.207;Conforme entre-eixos e implementação;Diesel;Não se aplica;Não se aplica;Não se aplica;Não se aplica;4x2, chassi-cabine;Chassi-cabine;Proconve P8 / Euro 6;https://d1qeqf1yyyqyq8.cloudfront.net/ee1a0304-3724-44f6-836b-cc975e62e49f.pdf;"Conferido em fonte oficial; valores variáveis ou não publicados foram identificados explicitamente"
constellation-19-380-4x2;Volkswagen Caminhões e Ônibus;Constellation;Constellation 19.380 4x2;Caminhão;16.000 kg;56.000 kg;Não publicado na ficha oficial;3,21:1 / 3,42:1;3.560;Conforme entre-eixos e implementação;Diesel;Não se aplica;Não se aplica;Não se aplica;Não se aplica;4x2, chassi-cabine;Chassi-cabine;Proconve P8 / Euro 6;https://d1qeqf1yyyqyq8.cloudfront.net/a680066e-3a64-4d5d-aa44-db68aedf3141.pdf;"Conferido em fonte oficial; valores variáveis ou não publicados foram identificados explicitamente"
constellation-20-480-4x2;Volkswagen Caminhões e Ônibus;Constellation;Constellation 20.480 4x2;Caminhão;16.000 kg;56.000 kg;Não publicado na ficha oficial;3,08:1 / 2,85:1;3.600;Conforme entre-eixos e implementação;Diesel;Não se aplica;Não se aplica;Não se aplica;Não se aplica;4x2, chassi-cabine;Chassi-cabine;Proconve P8 / Euro 6;https://d1qeqf1yyyqyq8.cloudfront.net/fbd27233-365a-4fdb-a29e-97bff75c8881.pdf;"Conferido em fonte oficial; valores variáveis ou não publicados foram identificados explicitamente"
constellation-25-380-6x2;Volkswagen Caminhões e Ônibus;Constellation;Constellation 25.380 6x2;Caminhão;23.000 kg;63.000 kg;Não publicado na ficha oficial;3,25:1 / 3,40:1;3.300;Conforme entre-eixos e implementação;Diesel;Não se aplica;Não se aplica;Não se aplica;Não se aplica;6x2, chassi-cabine;Chassi-cabine;Proconve P8 / Euro 6;https://d1qeqf1yyyqyq8.cloudfront.net/ad306316-6daf-4278-b836-2e6325840e3e.pdf;"Conferido em fonte oficial; valores variáveis ou não publicados foram identificados explicitamente"
constellation-25-480hd-6x2;Volkswagen Caminhões e Ônibus;Constellation;Constellation 25.480HD 6x2;Caminhão;23.000 kg;58.500 kg;Não publicado na ficha oficial;3,08:1 / 2,85:1;3.600;Conforme entre-eixos e implementação;Diesel;Não se aplica;Não se aplica;Não se aplica;Não se aplica;6x2, chassi-cabine;Chassi-cabine;Proconve P8 / Euro 6;https://d1qeqf1yyyqyq8.cloudfront.net/c2f95c97-4850-40fa-a256-662f652cd613.pdf;"Conferido em fonte oficial; valores variáveis ou não publicados foram identificados explicitamente"
constellation-26-260-6x2;Volkswagen Caminhões e Ônibus;Constellation;Constellation 26.260 6x2;Caminhão;23.000 kg;35.000 kg;Não publicado na ficha oficial;4,88:1 / 6,65:1 / 3,73:1;4.784 / 6.024 / 6.431;Conforme entre-eixos e implementação;Diesel;Não se aplica;Não se aplica;Não se aplica;Não se aplica;6x2, chassi-cabine;Chassi-cabine;Proconve P8 / Euro 6;https://d1qeqf1yyyqyq8.cloudfront.net/9dddb6d6-025b-4e8b-8179-d658fbc6257a.pdf;"Conferido em fonte oficial; valores variáveis ou não publicados foram identificados explicitamente"
constellation-26-320-6x2;Volkswagen Caminhões e Ônibus;Constellation;Constellation 26.320 6x2;Caminhão;23.000 kg;36.000 kg;Não publicado na ficha oficial;3,42:1 / 3,73:1;6.024 / 6.431;Conforme entre-eixos e implementação;Diesel;Não se aplica;Não se aplica;Não se aplica;Não se aplica;6x2, chassi-cabine;Chassi-cabine;Proconve P8 / Euro 6;https://d1qeqf1yyyqyq8.cloudfront.net/a2911c47-5632-4703-b158-e5d1f461c175.pdf;"Conferido em fonte oficial; valores variáveis ou não publicados foram identificados explicitamente"
constellation-27-260-6x4;Volkswagen Caminhões e Ônibus;Constellation;Constellation 27.260 6x4;Caminhão;23.000 kg;36.000 kg;Não publicado na ficha oficial;5,29:1 / 4,88:1;4.800 / 5.940;Conforme entre-eixos e implementação;Diesel;Não se aplica;Não se aplica;Não se aplica;Não se aplica;6x4, chassi-cabine;Chassi-cabine;Proconve P8 / Euro 6;https://d1qeqf1yyyqyq8.cloudfront.net/e892c996-1f7b-406b-b32c-ff426ae02b96.pdf;"Conferido em fonte oficial; valores variáveis ou não publicados foram identificados explicitamente"
constellation-30-320-8x2;Volkswagen Caminhões e Ônibus;Constellation;Constellation 30.320 8x2;Caminhão;29.000 kg;36.000 kg;Não publicado na ficha oficial;3,42:1 / 3,73:1;7.324 / 7.724;Conforme entre-eixos e implementação;Diesel;Não se aplica;Não se aplica;Não se aplica;Não se aplica;8x2, chassi-cabine;Chassi-cabine;Proconve P8 / Euro 6;https://d1qeqf1yyyqyq8.cloudfront.net/695d59d2-fb48-473b-8e6b-e2b490db5df8.pdf;"Conferido em fonte oficial; valores variáveis ou não publicados foram identificados explicitamente"
constellation-31-320-6x4;Volkswagen Caminhões e Ônibus;Constellation;Constellation 31.320 6x4;Caminhão;23.000 kg;42.000 kg;Não publicado na ficha oficial;4,89:1 / 4,56:1 / 5,38:1;4.800 / 5.940;Conforme entre-eixos e implementação;Diesel;Não se aplica;Não se aplica;Não se aplica;Não se aplica;6x4, chassi-cabine;Chassi-cabine;Proconve P8 / Euro 6;https://d1qeqf1yyyqyq8.cloudfront.net/ae56cbe5-00c6-4619-87e1-dd0b5da85d15.pdf;"Conferido em fonte oficial; valores variáveis ou não publicados foram identificados explicitamente"
constellation-32-380-6x4;Volkswagen Caminhões e Ônibus;Constellation;Constellation 32.380 6x4;Caminhão;23.000 kg;63.000 kg;Não publicado na ficha oficial;4,55:1;4.800 / 5.940;Conforme entre-eixos e implementação;Diesel;Não se aplica;Não se aplica;Não se aplica;Não se aplica;6x4, chassi-cabine;Chassi-cabine;Proconve P8 / Euro 6;https://d1qeqf1yyyqyq8.cloudfront.net/923b8c54-dd59-4b44-85c2-4df1d3ced2ed.pdf;"Conferido em fonte oficial; valores variáveis ou não publicados foram identificados explicitamente"
constellation-33-260-8x4;Volkswagen Caminhões e Ônibus;Constellation;Constellation 33.260 8x4;Caminhão;29.000 kg;36.000 kg;Não publicado na ficha oficial;5,29:1;5.750;Conforme entre-eixos e implementação;Diesel;Não se aplica;Não se aplica;Não se aplica;Não se aplica;8x4, chassi-cabine;Chassi-cabine;Proconve P8 / Euro 6;https://d1qeqf1yyyqyq8.cloudfront.net/8586bca2-1adb-4d63-8aba-112150ecc264.pdf;"Conferido em fonte oficial; valores variáveis ou não publicados foram identificados explicitamente"
constellation-33-480-6x4;Volkswagen Caminhões e Ônibus;Constellation;Constellation 33.480 6x4;Caminhão;23.000 kg;74.000 kg;125.000 kg;4,55:1;3.200;Conforme entre-eixos e implementação;Diesel Euro 6;Não se aplica;Não se aplica;Não se aplica;Não se aplica;6x4;Chassi-Cabine;PROCONVE P-8;https://d1qeqf1yyyqyq8.cloudfront.net/390e78a1-f473-40b0-bc6c-5becf8944808.pdf;"Conferido em fonte oficial; valores variáveis ou não publicados foram identificados explicitamente"
novo-constellation-27-320-6x4;Volkswagen Caminhões e Ônibus;Constellation;Novo Constellation 27.320 6x4;Caminhão;23.000 kg;36.000 kg;36.000 kg;4,88:1 / 5,29:1;4.800 / 5.940;7.465 / 9.831;Diesel;Não se aplica;Não se aplica;Não se aplica;Não se aplica;6x4, chassi-cabine;Chassi-cabine;Proconve P8 / Euro 6;https://d1qeqf1yyyqyq8.cloudfront.net/3f11233f-e605-4b27-b0c3-89ec438958da.pdf;"Conferido em fonte oficial; valores variáveis ou não publicados foram identificados explicitamente"
delivery-11-180;Volkswagen Caminhões e Ônibus;Delivery;Delivery 11.180;Caminhão;10.800 kg;13.200 kg;13.200 kg;Conforme eixo e aplicação;3.400 / 4.000 / 4.400 / 4.600;6.295 / 6.535 / 7.785 / 8.485;Diesel;Não se aplica;Não se aplica;Não se aplica;Não se aplica;4x2, chassi-cabine;Chassi-cabine;Proconve P8 / Euro 6;https://d1qeqf1yyyqyq8.cloudfront.net/351eccd8-cff2-4923-bef2-c0be04ad0b03.pdf;"Conferido em fonte oficial; valores variáveis ou não publicados foram identificados explicitamente"
delivery-11-180-4x4;Volkswagen Caminhões e Ônibus;Delivery;Delivery 11.180 4x4;Caminhão;10.800 kg;13.200 kg;13.200 kg;4,56:1;4.000;Conforme entre-eixos e implementação;Diesel;Não se aplica;Não se aplica;Não se aplica;Não se aplica;4x4, chassi-cabine;Chassi-cabine;Proconve P8 / Euro 6;https://d1qeqf1yyyqyq8.cloudfront.net/f3b5eaa6-6fc8-4c27-a376-ea83f80f51b8.pdf;"Conferido em fonte oficial; valores variáveis ou não publicados foram identificados explicitamente"
delivery-14-180;Volkswagen Caminhões e Ônibus;Delivery;Delivery 14.180;Caminhão;14.000 kg;Não publicado na ficha oficial;Não publicado na ficha oficial;Conforme configuração do eixo;2.955 / 3.305 / 4.400;Conforme entre-eixos e implementação;Diesel;Não se aplica;Não se aplica;Não se aplica;Não se aplica;4x2, chassi-cabine;Chassi-cabine;Proconve P8 / Euro 6;https://www.vwco.com.br/trucks/Delivery/Delivery14.180-euro?id=1&productid=202;"Conferido em fonte oficial; valores variáveis ou não publicados foram identificados explicitamente"
delivery-6-170;Volkswagen Caminhões e Ônibus;Delivery;Delivery 6.170;Caminhão;5.850 kg;6.900 kg;6.900 kg;5,13:1 / 4,78:1;4.000;Conforme entre-eixos e implementação;Diesel;Não se aplica;Não se aplica;Não se aplica;Não se aplica;4x2, chassi-cabine;Chassi-cabine;Proconve P8 / Euro 6;https://d1qeqf1yyyqyq8.cloudfront.net/e13dafea-84b3-4484-837d-7fc8a3da1581.pdf;"Conferido em fonte oficial; valores variáveis ou não publicados foram identificados explicitamente"
delivery-9-180;Volkswagen Caminhões e Ônibus;Delivery;Delivery 9.180;Caminhão;9.200 kg;11.500 kg;11.500 kg;4,10:1 / 4,30:1;3.400 / 4.000 / 4.400 / 4.600;Conforme entre-eixos e implementação;Diesel;Não se aplica;Não se aplica;Não se aplica;Não se aplica;4x2, chassi-cabine;Chassi-cabine;Proconve P8 / Euro 6;https://d1qeqf1yyyqyq8.cloudfront.net/13fcea25-ff1c-4f5e-a6c4-1189a0633f75.pdf;"Conferido em fonte oficial; valores variáveis ou não publicados foram identificados explicitamente"
delivery-express;Volkswagen Caminhões e Ônibus;Delivery;Delivery Express;Caminhão;3.500 kg;5.000 kg;5.000 kg;4,56:1;3.000 / 3.600;5.455 / 6.255;Diesel;Não se aplica;Não se aplica;Não se aplica;Não se aplica;4x2, chassi-cabine;Chassi-cabine;Proconve P8 / Euro 6;https://www.vwco.com.br/caminhoes;"Conferido em fonte oficial; valores variáveis ou não publicados foram identificados explicitamente"
volksbus-11-180-e-ore-2;Volkswagen Caminhões e Ônibus;Escolar;Volksbus 11.180 E (ORE 2);Ônibus;10.800 kg;Não se aplica;Não publicado na ficha oficial;Conforme eixo e aplicação;Conforme homologação da carroceria;Conforme carroceria homologada;Diesel;Não se aplica;Não se aplica;Não se aplica;Conforme carroceria homologada;4x2, chassi de ônibus;Chassi de ônibus;Proconve P8 / Euro 6;https://www.vwco.com.br/onibus;"Conferido em fonte oficial; valores variáveis ou não publicados foram identificados explicitamente"
volksbus-15-210-e-ore-3;Volkswagen Caminhões e Ônibus;Escolar;Volksbus 15.210 E (ORE 3);Ônibus;15.000 kg;Não se aplica;Não publicado na ficha oficial;Conforme eixo e aplicação;Conforme homologação da carroceria;Conforme carroceria homologada;Diesel;Não se aplica;Não se aplica;Não se aplica;Conforme carroceria homologada;4x2, chassi de ônibus;Chassi de ônibus;Proconve P8 / Euro 6;https://www.vwco.com.br/onibus;"Conferido em fonte oficial; valores variáveis ou não publicados foram identificados explicitamente"
volksbus-8-180-onurea;Volkswagen Caminhões e Ônibus;Escolar;Volksbus 8.180 (ONUREA);Ônibus;8.700 kg;Não se aplica;Não publicado na ficha oficial;Conforme eixo e aplicação;Conforme homologação da carroceria;Conforme carroceria homologada;Diesel;Não se aplica;Não se aplica;Não se aplica;Conforme carroceria homologada;4x2, chassi de ônibus;Chassi de ônibus;Proconve P8 / Euro 6;https://d1qeqf1yyyqyq8.cloudfront.net/a43ea184-2757-4c96-b067-9a6b4be284c8.pdf;"Conferido em fonte oficial; valores variáveis ou não publicados foram identificados explicitamente"
volksbus-8-180-e-ore-1;Volkswagen Caminhões e Ônibus;Escolar;Volksbus 8.180 E (ORE 1);Ônibus;8.700 kg;Não se aplica;Não publicado na ficha oficial;Conforme eixo e aplicação;Conforme homologação da carroceria;Conforme carroceria homologada;Diesel;Não se aplica;Não se aplica;Não se aplica;Conforme carroceria homologada;4x2, chassi de ônibus;Chassi de ônibus;Proconve P8 / Euro 6;https://d1qeqf1yyyqyq8.cloudfront.net/2081fd26-e918-429a-a9a3-7a459d430e2e.pdf;"Conferido em fonte oficial; valores variáveis ou não publicados foram identificados explicitamente"
meteor-6x4-29-530;Volkswagen Caminhões e Ônibus;Meteor;Meteor 6x4 29.530;Caminhão;23.000 kg;74.000 kg;80.000 kg;3,08:1 / 3,36:1;4.600 / 4.800 / 5.000;6.925 / 7.125 / 7.325;Diesel;Não se aplica;Não se aplica;Não se aplica;Não se aplica;6x4;Chassi-Cabine;Euro 6;https://d1qeqf1yyyqyq8.cloudfront.net/5fdf8a7d-ddf0-4552-a0f5-7eb6c439f7a2.pdf;"Conferido em fonte oficial; valores variáveis ou não publicados foram identificados explicitamente"
meteor-6x4-28-480hd;Volkswagen Caminhões e Ônibus;Meteor;Novo Meteor Highline 28.480HD 6x2;Caminhão;23.000 kg;58.500 kg;70.000 kg;2,85:1 / 3,08:1 / 3,40:1;4.854;7.212;Diesel;Não se aplica;Não se aplica;Não se aplica;Não se aplica;6x2, cavalo mecânico;Chassi-cabine;Proconve P8 / Euro 6;https://d1qeqf1yyyqyq8.cloudfront.net/26fceca3-7c1d-4553-b0a9-72430bea120a.pdf;"Conferido em fonte oficial; valores variáveis ou não publicados foram identificados explicitamente"
volksbus-11-180-s;Volkswagen Caminhões e Ônibus;Rodoviário;Volksbus 11.180 / S;Ônibus;10.700 kg;Não se aplica;Não publicado na ficha oficial;Conforme eixo e aplicação;Conforme homologação da carroceria;Conforme carroceria homologada;Diesel;Não se aplica;Não se aplica;Não se aplica;Conforme carroceria homologada;4x2, chassi de ônibus;Chassi de ônibus;Proconve P8 / Euro 6;https://d1qeqf1yyyqyq8.cloudfront.net/59fb5b2b-70f7-4b9b-9dc2-6cb3bf267480.pdf;"Conferido em fonte oficial; valores variáveis ou não publicados foram identificados explicitamente"
volksbus-15-210-s;Volkswagen Caminhões e Ônibus;Rodoviário;Volksbus 15.210 / S;Ônibus;15.500 kg;Não se aplica;Não publicado na ficha oficial;Conforme eixo e aplicação;Conforme homologação da carroceria;Conforme carroceria homologada;Diesel;Não se aplica;Não se aplica;Não se aplica;Conforme carroceria homologada;4x2, chassi de ônibus;Chassi de ônibus;Proconve P8 / Euro 6;https://d1qeqf1yyyqyq8.cloudfront.net/840a368f-3a27-439d-b4ff-ce8b2da7055c.pdf;"Conferido em fonte oficial; valores variáveis ou não publicados foram identificados explicitamente"
volksbus-17-230-s;Volkswagen Caminhões e Ônibus;Rodoviário;Volksbus 17.230 / S;Ônibus;17.000 kg;Não se aplica;Não publicado na ficha oficial;Conforme eixo e aplicação;Conforme homologação da carroceria;Conforme carroceria homologada;Diesel;Não se aplica;Não se aplica;Não se aplica;Conforme carroceria homologada;4x2, chassi de ônibus;Chassi de ônibus;Proconve P8 / Euro 6;https://d1qeqf1yyyqyq8.cloudfront.net/e9241fef-257f-4ce2-881a-c24a5b936bda.pdf;"Conferido em fonte oficial; valores variáveis ou não publicados foram identificados explicitamente"
volksbus-17-260-s;Volkswagen Caminhões e Ônibus;Rodoviário;Volksbus 17.260 / S;Ônibus;17.000 kg;Não se aplica;Não publicado na ficha oficial;Conforme eixo e aplicação;Conforme homologação da carroceria;Conforme carroceria homologada;Diesel;Não se aplica;Não se aplica;Não se aplica;Conforme carroceria homologada;4x2, chassi de ônibus;Chassi de ônibus;Proconve P8 / Euro 6;https://d1qeqf1yyyqyq8.cloudfront.net/4ef24b5f-058d-4a8c-acbe-a9fb10d6f694.pdf;"Conferido em fonte oficial; valores variáveis ou não publicados foram identificados explicitamente"
volksbus-18-320-sh;Volkswagen Caminhões e Ônibus;Rodoviário;Volksbus 18.320 SH;Ônibus;18.000 kg;Não se aplica;Não publicado na ficha oficial;Conforme eixo e aplicação;Conforme homologação da carroceria;Conforme carroceria homologada;Diesel;Não se aplica;Não se aplica;Não se aplica;Conforme carroceria homologada;4x2, chassi de ônibus;Chassi de ônibus;Proconve P8 / Euro 6;https://d1qeqf1yyyqyq8.cloudfront.net/382313c9-fcc1-44e0-80aa-876590c88a26.pdf;"Conferido em fonte oficial; valores variáveis ou não publicados foram identificados explicitamente"
volksbus-9-180-s;Volkswagen Caminhões e Ônibus;Rodoviário;Volksbus 9.180 / S;Ônibus;9.600 kg;Não se aplica;Não publicado na ficha oficial;Conforme eixo e aplicação;Conforme homologação da carroceria;Conforme carroceria homologada;Diesel;Não se aplica;Não se aplica;Não se aplica;Conforme carroceria homologada;4x2, chassi de ônibus;Chassi de ônibus;Proconve P8 / Euro 6;https://d1qeqf1yyyqyq8.cloudfront.net/6d600998-477a-4a97-a837-afbe14810ed1.pdf;"Conferido em fonte oficial; valores variáveis ou não publicados foram identificados explicitamente"
urbano-volksbus-11-180-s;Volkswagen Caminhões e Ônibus;Urbano;Volksbus 11.180 / S;Ônibus;10.700 kg;Não se aplica;Não publicado na ficha oficial;Conforme eixo e aplicação;Conforme homologação da carroceria;Conforme carroceria homologada;Diesel;Não se aplica;Não se aplica;Não se aplica;Conforme carroceria homologada;4x2, chassi de ônibus;Chassi de ônibus;Proconve P8 / Euro 6;https://d1qeqf1yyyqyq8.cloudfront.net/59fb5b2b-70f7-4b9b-9dc2-6cb3bf267480.pdf;"Conferido em fonte oficial; valores variáveis ou não publicados foram identificados explicitamente"
urbano-volksbus-15-210-s;Volkswagen Caminhões e Ônibus;Urbano;Volksbus 15.210 / S;Ônibus;15.500 kg;Não se aplica;Não publicado na ficha oficial;Conforme eixo e aplicação;Conforme homologação da carroceria;Conforme carroceria homologada;Diesel;Não se aplica;Não se aplica;Não se aplica;Conforme carroceria homologada;4x2, chassi de ônibus;Chassi de ônibus;Proconve P8 / Euro 6;https://d1qeqf1yyyqyq8.cloudfront.net/840a368f-3a27-439d-b4ff-ce8b2da7055c.pdf;"Conferido em fonte oficial; valores variáveis ou não publicados foram identificados explicitamente"
urbano-volksbus-17-230-s;Volkswagen Caminhões e Ônibus;Urbano;Volksbus 17.230 / S;Ônibus;16.000 kg;Não se aplica;Não publicado na ficha oficial;Conforme eixo e aplicação;Conforme homologação da carroceria;Conforme carroceria homologada;Diesel;Não se aplica;Não se aplica;Não se aplica;Conforme carroceria homologada;4x2, chassi de ônibus;Chassi de ônibus;Proconve P8 / Euro 6;https://d1qeqf1yyyqyq8.cloudfront.net/e9241fef-257f-4ce2-881a-c24a5b936bda.pdf;"Conferido em fonte oficial; valores variáveis ou não publicados foram identificados explicitamente"
urbano-volksbus-17-260-s;Volkswagen Caminhões e Ônibus;Urbano;Volksbus 17.260 / S;Ônibus;16.000 kg;Não se aplica;Não publicado na ficha oficial;Conforme eixo e aplicação;Conforme homologação da carroceria;Conforme carroceria homologada;Diesel;Não se aplica;Não se aplica;Não se aplica;Conforme carroceria homologada;4x2, chassi de ônibus;Chassi de ônibus;Proconve P8 / Euro 6;https://d1qeqf1yyyqyq8.cloudfront.net/4ef24b5f-058d-4a8c-acbe-a9fb10d6f694.pdf;"Conferido em fonte oficial; valores variáveis ou não publicados foram identificados explicitamente"
volksbus-18-320-sl;Volkswagen Caminhões e Ônibus;Urbano;Volksbus 18.320 SL;Ônibus;16.000 kg;Não se aplica;Não publicado na ficha oficial;Conforme eixo e aplicação;Conforme homologação da carroceria;Conforme carroceria homologada;Diesel;Não se aplica;Não se aplica;Não se aplica;Conforme carroceria homologada;4x2, chassi de ônibus;Chassi de ônibus;Proconve P8 / Euro 6;https://d1qeqf1yyyqyq8.cloudfront.net/eefd05e7-0b1f-48a6-a415-4ec46c2554d1.pdf;"Conferido em fonte oficial; valores variáveis ou não publicados foram identificados explicitamente"
volksbus-22-260;Volkswagen Caminhões e Ônibus;Urbano;Volksbus 22.260;Ônibus;21.000 kg;Não se aplica;Não publicado na ficha oficial;Conforme eixo e aplicação;Conforme homologação da carroceria;Conforme carroceria homologada;Diesel;Não se aplica;Não se aplica;Não se aplica;Conforme carroceria homologada;4x2, chassi de ônibus;Chassi de ônibus;Proconve P8 / Euro 6;https://d1qeqf1yyyqyq8.cloudfront.net/b18ea707-192a-477e-bcb4-2fe811383de2.pdf;"Conferido em fonte oficial; valores variáveis ou não publicados foram identificados explicitamente"
urbano-volksbus-9-180-s;Volkswagen Caminhões e Ônibus;Urbano;Volksbus 9.180 / S;Ônibus;9.600 kg;Não se aplica;Não publicado na ficha oficial;Conforme eixo e aplicação;Conforme homologação da carroceria;Conforme carroceria homologada;Diesel;Não se aplica;Não se aplica;Não se aplica;Conforme carroceria homologada;4x2, chassi de ônibus;Chassi de ônibus;Proconve P8 / Euro 6;https://d1qeqf1yyyqyq8.cloudfront.net/6d600998-477a-4a97-a837-afbe14810ed1.pdf;"Conferido em fonte oficial; valores variáveis ou não publicados foram identificados explicitamente"
e-volksbus-22l;Volkswagen Caminhões e Ônibus;Urbano;e-Volksbus 22L;Ônibus;16.000 kg;Não se aplica;Não publicado na ficha oficial;"Integrada ao eixo; relação não publicada";6.000;Até 13,2 m;100% elétrico;12 packs LFP, 385 kWh;Até 250 km;"Até 160 kW; cerca de 3 horas";Até 82 passageiros;4x2, chassi de ônibus;Chassi de ônibus;Zero emissão local;https://www.vwco.com.br/onibus/Urbano?id=5;"Conferido em fonte oficial; valores variáveis ou não publicados foram identificados explicitamente"
e-delivery-11;Volkswagen Caminhões e Ônibus;e-Delivery;e-Delivery 11;Caminhão;11.400 kg;15.000 kg;15.000 kg;5,86:1;3.300 / 4.400;Conforme entre-eixos e implementação;100% elétrico;Não publicado na ficha oficial;Não publicado na ficha oficial;Não publicado na ficha oficial;Não se aplica;4x2, chassi-cabine;Chassi-cabine;Zero emissão local;https://d1qeqf1yyyqyq8.cloudfront.net/e-Delivery-184-PT.pdf;"Conferido em fonte oficial; valores variáveis ou não publicados foram identificados explicitamente"
e-delivery-14;Volkswagen Caminhões e Ônibus;e-Delivery;e-Delivery 14;Caminhão;14.300 kg;14.300 kg;15.000 kg;6,14:1;4.400;6.901;100% elétrico;Não publicado na ficha oficial;Não publicado na ficha oficial;Não publicado na ficha oficial;Não se aplica;4x2, chassi-cabine;Chassi-cabine;Zero emissão local;https://d1qeqf1yyyqyq8.cloudfront.net/b2877a3d-53d7-4484-ab2d-116dd91fb72b.pdf;"Conferido em fonte oficial; valores variáveis ou não publicados foram identificados explicitamente"
volvo-b420r-6x2;Volvo;B13R Rodoviários;Volvo B420R 6x2;Ônibus;24.750 / 26.500 kg;Não se aplica;Não publicado na ficha oficial;2,64:1 / 2,85:1;4.000;10,47 a 10,57 m de chassi;Diesel;Não se aplica;Não se aplica;Não se aplica;Conforme carroceria homologada;6x2 rodoviário;Chassi de ônibus;Proconve P8 / Euro 6;https://www.volvobuses.com/content/dam/volvo-buses/markets/brazil/specification/Data-sheet-B420R-6x2-Euro-6-PT-BR-2022.pdf;"Conferido em fonte oficial; valores variáveis ou não publicados foram identificados explicitamente"
volvo-b510r-8x2;Volvo;B13R Rodoviários;Volvo B510R 8x2;Ônibus;29.250 kg;Não se aplica;Não publicado na ficha oficial;2,64:1 / 2,85:1;2.600;10,47 m de chassi;Diesel;Não se aplica;Não se aplica;Não se aplica;Conforme carroceria homologada;8x2 rodoviário;Chassi de ônibus;Proconve P8 / Euro 6;https://www.volvobuses.com/content/dam/volvo-buses/markets/brazil/specification/Data-sheet-B510R-8x2-Euro-6-PT-BR-2022.pdf;"Conferido em fonte oficial; valores variáveis ou não publicados foram identificados explicitamente"
volvo-bzr-eletrico-4x2-entrada-baixa;Volvo;BZR Elétrico;Volvo BZR Elétrico 4x2 Entrada Baixa;Ônibus;21.000 kg;Não se aplica;Não publicado na ficha oficial;"Integrada ao eixo; relação não publicada";4.450 / 7.400;9,85 a 13,13 m;100% elétrico;NCA, 360 a 450 kWh úteis com 4 ou 5 baterias;Não publicado na ficha oficial;Não publicado na ficha oficial;Conforme carroceria;4x2, entrada baixa;Chassi de ônibus;Zero emissão local;https://www.volvobuses.com/content/dam/volvo-buses/markets/master/home/city-and-intercity/chassis/volvo-bzr-electric-le/specifications/data-sheet-volvo-bzr-low-entry-electric-4x2-pt-volvobuses-2025.pdf;"Conferido em fonte oficial; valores variáveis ou não publicados foram identificados explicitamente"
volvo-bzr-eletrico-4x2-piso-medio;Volvo;BZR Elétrico;Volvo BZR Elétrico 4x2 Piso Médio;Ônibus;20.800 kg;Não se aplica;Não publicado na ficha oficial;"Integrada ao eixo; relação não publicada";6.000 / 6.300;9,5 a 13,26 m;100% elétrico;NCA, 360 a 450 kWh úteis com 4 ou 5 baterias;Não publicado na ficha oficial;Não publicado na ficha oficial;Conforme carroceria;4x2, piso médio;Chassi de ônibus;Zero emissão local;https://www.volvobuses.com/content/dam/volvo-buses/markets/master/city-and-intercity/chassis/volvo-bzr-electric/specifications/volvo-bzr-electric-4x2-medium-floor-data-sheet.pdf;"Conferido em fonte oficial; valores variáveis ou não publicados foram identificados explicitamente"
fh-420-6x2t;Volvo;FH;FH 420 6x2T;Caminhão;28.000 kg;Não publicado (CMT 60.000 / 70.000 kg);60.000 / 70.000 kg;2,85:1 / 3,08:1 / 3,40:1 / 3,67:1 / 3,46:1 / 3,61:1 / 3,76:1 / 4,12:1 / 4,55:1 / 5,41:1;3.000 / 3.200 / 3.500 / 3.700;Conforme entre-eixos e implementação;Diesel;Não se aplica;Não se aplica;Não se aplica;Não se aplica;6x2T, suspensão pneumática;Cavalo mecânico;Proconve P8 / Euro 6;https://www.volvotrucks.com.br/content/dam/volvo-trucks/markets/brazil/truck/fichas-t%C3%A9cnicas-2022-euro6/1-9-2-2025-fh/ficha-tecnica-fh-6x2tradt-gr.pdf;"Conferido em fonte oficial; valores variáveis ou não publicados foram identificados explicitamente"
fh-460-6x2t;Volvo;FH;FH 460 6x2T;Caminhão;28.000 kg;Não publicado (CMT 60.000 / 70.000 kg);60.000 / 70.000 kg;2,85:1 / 3,08:1 / 3,40:1 / 3,67:1 / 3,46:1 / 3,61:1 / 3,76:1 / 4,12:1 / 4,55:1 / 5,41:1;3.000 / 3.200 / 3.500 / 3.700;Conforme entre-eixos e implementação;Diesel;Não se aplica;Não se aplica;Não se aplica;Não se aplica;6x2T, suspensão pneumática;Cavalo mecânico;Proconve P8 / Euro 6;https://www.volvotrucks.com.br/content/dam/volvo-trucks/markets/brazil/truck/fichas-t%C3%A9cnicas-2022-euro6/1-9-2-2025-fh/ficha-tecnica-fh-6x2tradt-gr.pdf;"Conferido em fonte oficial; valores variáveis ou não publicados foram identificados explicitamente"
fh-500-6x2t;Volvo;FH;FH 500 6x2T;Caminhão;28.000 kg;Não publicado (CMT 60.000 / 70.000 kg);60.000 / 70.000 kg;2,85:1 / 3,08:1 / 3,40:1 / 3,67:1 / 3,46:1 / 3,61:1 / 3,76:1 / 4,12:1 / 4,55:1 / 5,41:1;3.000 / 3.200 / 3.500 / 3.700;Conforme entre-eixos e implementação;Diesel;Não se aplica;Não se aplica;Não se aplica;Não se aplica;6x2T, suspensão pneumática;Cavalo mecânico;Proconve P8 / Euro 6;https://www.volvotrucks.com.br/content/dam/volvo-trucks/markets/brazil/truck/fichas-t%C3%A9cnicas-2022-euro6/1-9-2-2025-fh/ficha-tecnica-fh-6x2tradt-gr.pdf;"Conferido em fonte oficial; valores variáveis ou não publicados foram identificados explicitamente"
fh-540-6x2t;Volvo;FH;FH 540 6x2T;Caminhão;28.000 kg;Não publicado (CMT 60.000 / 70.000 kg);60.000 / 70.000 kg;2,85:1 / 3,08:1 / 3,40:1 / 3,67:1 / 3,46:1 / 3,61:1 / 3,76:1 / 4,12:1 / 4,55:1 / 5,41:1;3.000 / 3.200 / 3.500 / 3.700;Conforme entre-eixos e implementação;Diesel;Não se aplica;Não se aplica;Não se aplica;Não se aplica;6x2T, suspensão pneumática;Cavalo mecânico;Proconve P8 / Euro 6;https://www.volvotrucks.com.br/content/dam/volvo-trucks/markets/brazil/truck/fichas-t%C3%A9cnicas-2022-euro6/1-9-2-2025-fh/ficha-tecnica-fh-6x2tradt-gr.pdf;"Conferido em fonte oficial; valores variáveis ou não publicados foram identificados explicitamente"
fh-540-6x4t;Volvo;FH;FH 540 6x4T;Caminhão;28.500 Kg;74;Não publicado na ficha oficial;3.40:1 / 3.78:1 / 4.50:1;3.000 / 3.200 / 3.600;7.140 mm;Diesel Euro 6;Não se aplica;Não se aplica;Não se aplica;Não se aplica;6x4;Cavalo mecânico;Proconve P8 / Euro 6;https://www.volvotrucks.com.br/pt-br/trucks/models/volvo-fh/data-sheets.html;"Conferido em fonte oficial; valores variáveis ou não publicados foram identificados explicitamente"
fm-380-6x2r;Volvo;FM;FM 380 6x2R;Caminhão;28.000 kg;Não publicado (CMT 60.000 kg);60.000 kg;2,85:1 / 3,08:1 / 3,40:1 / 3,67:1;4.300 / 4.600 / 4.900 / 5.200 / 5.600 / 6.000;9.410 / 9.860 / 10.310 / 10.610 / 11.410 / 11.960;Diesel;Não se aplica;Não se aplica;Não se aplica;Não se aplica;6x2 rígido;Chassi-cabine;Proconve P8 / Euro 6;https://www.volvotrucks.com.br/content/dam/volvo-trucks/markets/brazil/truck/fichas-t%C3%A9cnicas-2022-euro6/1-9-2-2025-fm/ficha-tecnica-fm-6x2R.pdf;"Conferido em fonte oficial; valores variáveis ou não publicados foram identificados explicitamente"
fmx-420-6x4r;Volvo;FMX;FMX 420 6x4R;Caminhão;35.000 a 42.000 kg (técnico);Não publicado (CMT 100.000 / 150.000 kg);100.000 / 150.000 kg;3,33:1 / 3,46:1 / 3,61:1 / 3,76:1 / 3,97:1 / 4,12:1 / 4,55:1 / 5,41:1 / 6,18:1 / 7,21:1;3.400 / 3.700 / 4.300 / 4.600 / 4.900 / 5.200 / 5.600;Conforme entre-eixos e implementação;Diesel;Não se aplica;Não se aplica;Não se aplica;Não se aplica;6x4 rígido;Chassi-cabine;Proconve P8 / Euro 6;https://www.volvotrucks.com.br/content/dam/volvo-trucks/markets/brazil/truck/fichas-t%C3%A9cnicas-2022-euro6/1-9-2-2025-fmx/ficha-tecnica-fmx-6x4-r.pdf;"Conferido em fonte oficial; valores variáveis ou não publicados foram identificados explicitamente"
fmx-460-6x4t;Volvo;FMX;FMX 460 6x4T;Caminhão;35.000 a 48.000 kg (técnico);Não publicado (CMT 100.000 / 150.000 kg);100.000 / 150.000 kg;3,33:1 / 3,46:1 / 3,61:1 / 3,76:1 / 3,97:1 / 4,12:1 / 4,55:1 / 5,41:1 / 6,18:1 / 7,21:1;3.000 / 3.200 / 3.600;Conforme entre-eixos e implementação;Diesel;Não se aplica;Não se aplica;Não se aplica;Não se aplica;6x4, cavalo mecânico;Cavalo mecânico;Proconve P8 / Euro 6;https://www.volvotrucks.com.br/content/dam/volvo-trucks/markets/brazil/truck/fichas-t%C3%A9cnicas-2022-euro6/1-9-2-2025-fmx/ficha-tecnica%20fmx-6x4-t.pdf;"Conferido em fonte oficial; valores variáveis ou não publicados foram identificados explicitamente"
fmx-500-8x4r;Volvo;FMX;FMX 500 8x4R;Caminhão;42.000 a 52.000 kg (técnico);Não publicado (CMT 100.000 / 150.000 kg);100.000 / 150.000 kg;3,33:1 / 3,46:1 / 3,61:1 / 3,76:1 / 3,97:1 / 4,12:1 / 4,55:1 / 5,41:1 / 6,18:1 / 7,21:1;4.350 / 4.600 / 4.900 / 5.600;Conforme entre-eixos e implementação;Diesel;Não se aplica;Não se aplica;Não se aplica;Não se aplica;8x4 rígido;Chassi-cabine;Proconve P8 / Euro 6;https://www.volvotrucks.com.br/content/dam/volvo-trucks/markets/brazil/truck/fichas-t%C3%A9cnicas-2022-euro6/1-9-2-2025-fmx/ficha-tecnica-fmx-8x4R.pdf;"Conferido em fonte oficial; valores variáveis ou não publicados foram identificados explicitamente"
fmx-540-6x4t;Volvo;FMX;FMX 540 6x4T;Caminhão;35.000 a 48.000 kg (técnico);Não publicado (CMT 100.000 / 150.000 kg);100.000 / 150.000 kg;3,33:1 / 3,46:1 / 3,61:1 / 3,76:1 / 3,97:1 / 4,12:1 / 4,55:1 / 5,41:1 / 6,18:1 / 7,21:1;3.000 / 3.200 / 3.600;Conforme entre-eixos e implementação;Diesel;Não se aplica;Não se aplica;Não se aplica;Não se aplica;6x4, cavalo mecânico;Cavalo mecânico;Proconve P8 / Euro 6;https://www.volvotrucks.com.br/content/dam/volvo-trucks/markets/brazil/truck/fichas-t%C3%A9cnicas-2022-euro6/1-9-2-2025-fmx/ficha-tecnica%20fmx-6x4-t.pdf;"Conferido em fonte oficial; valores variáveis ou não publicados foram identificados explicitamente"
vm-290-4x2r;Volvo;VM;VM 290 4x2R;Caminhão;17.500 kg;Não publicado (CMT 36.000 kg);36.000 kg;3,21:1 / 3,42:1 / 3,58:1 / 3,73:1 / 3,91:1;3.650 / 4.550 / 5.150 / 7.140;Conforme entre-eixos e implementação;Diesel;Não se aplica;Não se aplica;Não se aplica;Não se aplica;4x2 rígido;Chassi-cabine;Proconve P8 / Euro 6;https://www.volvotrucks.com.br/content/dam/volvo-trucks/markets/brazil/truck/fichas-t%C3%A9cnicas-2022-euro6/1-9-2-2025-vm/ficha-tecnica-vm-4x2R.pdf;"Conferido em fonte oficial; valores variáveis ou não publicados foram identificados explicitamente"
vm-360-4x2r;Volvo;VM;VM 360 4x2R;Caminhão;17.500 kg;Não publicado (CMT 45.000 kg);45.000 kg;3,21:1 / 3,42:1 / 3,58:1 / 3,73:1 / 3,91:1;3.650 / 4.550 / 5.150 / 7.140;Conforme entre-eixos e implementação;Diesel;Não se aplica;Não se aplica;Não se aplica;Não se aplica;4x2 rígido;Chassi-cabine;Proconve P8 / Euro 6;https://www.volvotrucks.com.br/content/dam/volvo-trucks/markets/brazil/truck/fichas-t%C3%A9cnicas-2022-euro6/1-9-2-2025-vm/ficha-tecnica-vm-4x2R.pdf;"Conferido em fonte oficial; valores variáveis ou não publicados foram identificados explicitamente"
